,Sector,Job,Disparate_Impact,Statistical_Parity_Difference,DIDI
0,0,OFF_1011_1427,6.837837837837839,0.023074457857066556,0.013112277246421779
1,0,OFF_1216_1626,0.7597597597597597,-0.004747830834787357,0.0026979994334201188
2,0,OFF_14877_0059,3.0390390390390394,0.016118885684103076,0.009159708076461305
3,0,OFF_14991_0059,0.7597597597597597,-0.004747830834787357,0.0026979994334201188
4,0,OFF_15007_0059,0.7597597597597597,-0.004747830834787357,0.0026979994334201188
5,0,OFF_15170_0059,6.837837837837839,0.023074457857066556,0.013112277246421779
6,0,OFF_15205_0059,3.0390390390390394,0.016118885684103076,0.009159708076461305
7,0,OFF_15209_0059,1.1396396396396398,0.0022077413381761217,0.001254569736540357
8,0,OFF_174_1676,0.7597597597597597,-0.004747830834787357,0.0026979994334201188
9,0,OFF_1827_0429,3.0390390390390394,0.016118885684103076,0.009159708076461305
10,0,OFF_1960_0319,1.1396396396396398,0.0022077413381761217,0.001254569736540357
11,0,OFF_1963_0100,6.837837837837839,0.023074457857066556,0.013112277246421779
12,0,OFF_2032_0127,0.5065065065065065,-0.011703403007750832,0.006650568603380591
13,0,OFF_2067_1724,1.1396396396396398,0.0022077413381761217,0.001254569736540357
14,0,OFF_2152_0102,3.0390390390390394,0.016118885684103076,0.009159708076461305
15,0,OFF_2174_0102,0.7597597597597597,-0.004747830834787357,0.0026979994334201188
16,0,OFF_2213_0376,1.7727727727727731,0.0091633135111396,0.005207138906500831
17,0,OFF_2276_0192,1.1396396396396398,0.0022077413381761217,0.001254569736540357
18,0,OFF_2425_0253,1.7727727727727731,0.0091633135111396,0.005207138906500831
19,0,OFF_2443_0253,0.18993993993993996,-0.025614547353677786,0.01455570694330154
20,0,OFF_2462_0253,0.7597597597597597,-0.004747830834787357,0.0026979994334201188
21,0,OFF_2498_0165,1.1396396396396398,0.0022077413381761217,0.001254569736540357
22,0,OFF_2516_0130,1.1396396396396398,0.0022077413381761217,0.001254569736540357
23,0,OFF_2645_0457,0.18993993993993996,-0.025614547353677786,0.01455570694330154
24,0,OFF_2814_0009,0.7597597597597597,-0.004747830834787357,0.0026979994334201188
25,0,OFF_3075_0533,0.5065065065065065,-0.011703403007750832,0.006650568603380591
26,0,OFF_3120_1698,1.1396396396396398,0.0022077413381761217,0.001254569736540357
27,0,OFF_3150_1698,0.7597597597597597,-0.004747830834787357,0.0026979994334201188
28,0,OFF_3194_1698,0.5065065065065065,-0.011703403007750832,0.006650568603380591
29,0,OFF_3242_0533,0.18993993993993996,-0.025614547353677786,0.01455570694330154
30,0,OFF_3266_0533,1.1396396396396398,0.0022077413381761217,0.001254569736540357
31,0,OFF_3305_0533,3.0390390390390394,0.016118885684103076,0.009159708076461305
32,0,OFF_3320_0533,0.18993993993993996,-0.025614547353677786,0.01455570694330154
33,0,OFF_3416_0533,0.3256113256113256,-0.018658975180714313,0.010603137773341067
34,0,OFF_3489_0533,0.18993993993993996,-0.025614547353677786,0.01455570694330154
35,0,OFF_3504_0533,0.18993993993993996,-0.025614547353677786,0.01455570694330154
36,0,OFF_3619_0533,0.08441775108441775,-0.03257011952664127,0.01850827611326202
37,0,OFF_3634_0533,6.837837837837839,0.023074457857066556,0.013112277246421779
38,0,OFF_3805_0251,0.7597597597597597,-0.004747830834787357,0.0026979994334201188
39,0,OFF_3836_0251,0.3256113256113256,-0.018658975180714313,0.010603137773341067
40,0,OFF_385_1575,0.18993993993993996,-0.025614547353677786,0.01455570694330154
41,0,OFF_3855_0382,0.3256113256113256,-0.018658975180714313,0.010603137773341067
42,0,OFF_3864_0251,0.5065065065065065,-0.011703403007750832,0.006650568603380591
43,0,OFF_4320_0254,0.5065065065065065,-0.011703403007750832,0.006650568603380591
44,0,OFF_5512_0180,1.7727727727727731,0.0091633135111396,0.005207138906500831
45,0,OFF_6831_0144,0.5065065065065065,-0.011703403007750832,0.006650568603380591
46,0,OFF_9389_0163,1.1396396396396398,0.0022077413381761217,0.001254569736540357
47,0,ORD_10921_0061,1.1396396396396398,0.0022077413381761217,0.001254569736540357
48,0,ORD_11579_0687,3.0390390390390394,0.016118885684103076,0.009159708076461305
49,0,ORD_13844_0072,1.1396396396396398,0.0022077413381761217,0.001254569736540357
50,0,ORD_14794_0254,0.7597597597597597,-0.004747830834787357,0.0026979994334201188
51,0,ORD_16296_0110,1.7727727727727731,0.0091633135111396,0.005207138906500831
52,0,ORD_16327_0188,1.7727727727727731,0.0091633135111396,0.005207138906500831
53,0,ORD_16440_0110,0.7597597597597597,-0.004747830834787357,0.0026979994334201188
54,0,ORD_17343_0097,0.3256113256113256,-0.018658975180714313,0.010603137773341067
55,0,ORD_19665_0190,1.1396396396396398,0.0022077413381761217,0.001254569736540357
56,0,ORD_1985_1724,0.7597597597597597,-0.004747830834787357,0.0026979994334201188
57,0,ORD_1996_1724,1.7727727727727731,0.0091633135111396,0.005207138906500831
58,0,ORD_2010_1724,1.7727727727727731,0.0091633135111396,0.005207138906500831
59,0,ORD_2017_1724,1.7727727727727731,0.0091633135111396,0.005207138906500831
60,0,ORD_21477_0178,1.1396396396396398,0.0022077413381761217,0.001254569736540357
61,0,ORD_22748_0354,0.7597597597597597,-0.004747830834787357,0.0026979994334201188
62,0,ORD_28701_0401,3.0390390390390394,0.016118885684103076,0.009159708076461305
63,0,ORD_3024_1427,3.0390390390390394,0.016118885684103076,0.009159708076461305
64,0,ORD_44256_0544,0.7597597597597597,-0.004747830834787357,0.0026979994334201188
0,4,OFF_1038_1739,0.34965986394557824,-0.01771354456179359,0.00975483660308563
1,4,OFF_1042_1739,1.9037037037037037,0.01054907047124946,0.005809365731544721
2,4,OFF_15060_0059,0.34965986394557824,-0.01771354456179359,0.00975483660308563
3,4,OFF_1859_1410,0.8158730158730159,-0.003582237045272066,0.001972735435770454
4,4,OFF_1865_1410,0.5439153439153439,-0.010647890803532827,0.005863786019428042
5,4,OFF_2039_0058,0.8158730158730159,-0.003582237045272066,0.001972735435770454
6,4,OFF_2172_0102,0.8158730158730159,-0.003582237045272066,0.001972735435770454
7,4,OFF_2599_0112,3.2634920634920634,0.01761472422951022,0.009700416315202309
8,4,OFF_2730_0310,3.2634920634920634,0.01761472422951022,0.009700416315202309
9,4,OFF_3_1869,0.34965986394557824,-0.01771354456179359,0.00975483660308563
10,4,OFF_3028_0462,7.3428571428571425,0.024680377987770983,0.013591466898859896
11,4,OFF_3394_4864,0.34965986394557824,-0.01771354456179359,0.00975483660308563
12,4,OFF_3406_4864,1.223809523809524,0.003483416712988699,0.0019183151478871334
13,4,OFF_3408_4864,0.5439153439153439,-0.010647890803532827,0.005863786019428042
14,4,OFF_3420_0522,0.8158730158730159,-0.003582237045272066,0.001972735435770454
15,4,OFF_3428_1635,3.2634920634920634,0.01761472422951022,0.009700416315202309
16,4,OFF_3430_0149,1.223809523809524,0.003483416712988699,0.0019183151478871334
17,4,OFF_3433_4864,0.5439153439153439,-0.010647890803532827,0.005863786019428042
18,4,OFF_3480_1635,1.223809523809524,0.003483416712988699,0.0019183151478871334
19,4,OFF_3493_1635,1.9037037037037037,0.01054907047124946,0.005809365731544721
20,4,OFF_3517_1635,1.223809523809524,0.003483416712988699,0.0019183151478871334
21,4,OFF_3518_1635,0.8158730158730159,-0.003582237045272066,0.001972735435770454
22,4,OFF_3528_1635,0.8158730158730159,-0.003582237045272066,0.001972735435770454
23,4,OFF_3539_0533,3.2634920634920634,0.01761472422951022,0.009700416315202309
24,4,OFF_3542_1635,0.5439153439153439,-0.010647890803532827,0.005863786019428042
25,4,OFF_3550_1635,0.5439153439153439,-0.010647890803532827,0.005863786019428042
26,4,OFF_3556_1635,0.8158730158730159,-0.003582237045272066,0.001972735435770454
27,4,OFF_3558_1635,3.2634920634920634,0.01761472422951022,0.009700416315202309
28,4,OFF_3560_1635,1.9037037037037037,0.01054907047124946,0.005809365731544721
29,4,OFF_3569_0533,3.2634920634920634,0.01761472422951022,0.009700416315202309
30,4,OFF_3569_1635,0.34965986394557824,-0.01771354456179359,0.00975483660308563
31,4,OFF_3595_1635,1.223809523809524,0.003483416712988699,0.0019183151478871334
32,4,OFF_3624_1635,1.9037037037037037,0.01054907047124946,0.005809365731544721
33,4,OFF_4340_0035,1.9037037037037037,0.01054907047124946,0.005809365731544721
34,4,OFF_442_1681,1.223809523809524,0.003483416712988699,0.0019183151478871334
35,4,OFF_4521_0420,0.34965986394557824,-0.01771354456179359,0.00975483660308563
36,4,OFF_5098_3124,0.8158730158730159,-0.003582237045272066,0.001972735435770454
37,4,OFF_5617_1636,0.5439153439153439,-0.010647890803532827,0.005863786019428042
38,4,OFF_5660_1636,0.8158730158730159,-0.003582237045272066,0.001972735435770454
39,4,OFF_5681_1636,0.8158730158730159,-0.003582237045272066,0.001972735435770454
40,4,OFF_960_1411,0.09065255731922399,-0.03184485207831511,0.017536937770400805
41,4,ORD_10703_0555,1.223809523809524,0.003483416712988699,0.0019183151478871334
42,4,ORD_11044_0180,1.223809523809524,0.003483416712988699,0.0019183151478871334
43,4,ORD_14202_0595,1.223809523809524,0.003483416712988699,0.0019183151478871334
44,4,ORD_14536_0036,1.9037037037037037,0.01054907047124946,0.005809365731544721
45,4,ORD_15139_0349,7.3428571428571425,0.024680377987770983,0.013591466898859896
46,4,ORD_15861_0420,0.8158730158730159,-0.003582237045272066,0.001972735435770454
47,4,ORD_16334_0110,0.34965986394557824,-0.01771354456179359,0.00975483660308563
48,4,ORD_2231_1372,0.34965986394557824,-0.01771354456179359,0.00975483660308563
49,4,ORD_2244_1698,0.34965986394557824,-0.01771354456179359,0.00975483660308563
50,4,ORD_22974_0023,3.2634920634920634,0.01761472422951022,0.009700416315202309
51,4,ORD_2401_1636,1.9037037037037037,0.01054907047124946,0.005809365731544721
52,4,ORD_3647_1635,0.8158730158730159,-0.003582237045272066,0.001972735435770454
53,4,ORD_3687_1635,1.223809523809524,0.003483416712988699,0.0019183151478871334
54,4,ORD_3696_1635,1.223809523809524,0.003483416712988699,0.0019183151478871334
55,4,ORD_3712_1635,1.9037037037037037,0.01054907047124946,0.005809365731544721
56,4,ORD_3721_1635,1.9037037037037037,0.01054907047124946,0.005809365731544721
57,4,ORD_3722_1635,1.9037037037037037,0.01054907047124946,0.005809365731544721
58,4,ORD_3750_1635,1.223809523809524,0.003483416712988699,0.0019183151478871334
59,4,ORD_38011_3108,1.9037037037037037,0.01054907047124946,0.005809365731544721
60,4,ORD_38397_0154,0.5439153439153439,-0.010647890803532827,0.005863786019428042
61,4,ORD_3850_1635,0.34965986394557824,-0.01771354456179359,0.00975483660308563
62,4,ORD_3864_1635,0.34965986394557824,-0.01771354456179359,0.00975483660308563
63,4,ORD_3890_1635,3.2634920634920634,0.01761472422951022,0.009700416315202309
64,4,ORD_3923_1635,0.8158730158730159,-0.003582237045272066,0.001972735435770454
65,4,ORD_3954_1635,1.223809523809524,0.003483416712988699,0.0019183151478871334
66,4,ORD_3972_1635,1.223809523809524,0.003483416712988699,0.0019183151478871334
67,4,ORD_3982_1635,0.8158730158730159,-0.003582237045272066,0.001972735435770454
68,4,ORD_4000_1635,0.5439153439153439,-0.010647890803532827,0.005863786019428042
69,4,ORD_4001_1635,0.5439153439153439,-0.010647890803532827,0.005863786019428042
70,4,ORD_4005_1635,1.9037037037037037,0.01054907047124946,0.005809365731544721
71,4,ORD_4016_1635,1.9037037037037037,0.01054907047124946,0.005809365731544721
72,4,ORD_4030_1635,1.223809523809524,0.003483416712988699,0.0019183151478871334
73,4,ORD_4037_1635,0.34965986394557824,-0.01771354456179359,0.00975483660308563
74,4,ORD_411_1843,1.223809523809524,0.003483416712988699,0.0019183151478871334
75,4,ORD_49217_0100,1.223809523809524,0.003483416712988699,0.0019183151478871334
0,8,OFF_104_1550,1.2475555555555558,0.0018520365752285961,0.0012068005485850975
1,8,OFF_1151_0073,1.2475555555555558,0.0018520365752285961,0.0012068005485850975
2,8,OFF_1216_0354,0.802,-0.0019750623441396505,0.001286965037449815
3,8,OFF_1323_0687,2.1386666666666665,0.005679135494596841,0.00370056613462001
4,8,OFF_15076_0059,2.1386666666666665,0.005679135494596841,0.00370056613462001
5,8,OFF_1799_0365,2.1386666666666665,0.005679135494596841,0.00370056613462001
6,8,OFF_1800_0569,0.802,-0.0019750623441396505,0.001286965037449815
7,8,OFF_1816_0365,2.1386666666666665,0.005679135494596841,0.00370056613462001
8,8,OFF_1852_0445,1.2475555555555558,0.0018520365752285961,0.0012068005485850975
9,8,OFF_1903_0363,0.5346666666666666,-0.005802161263507897,0.0037807306234847286
10,8,OFF_1948_0200,1.2475555555555558,0.0018520365752285961,0.0012068005485850975
11,8,OFF_1968_0412,1.2475555555555558,0.0018520365752285961,0.0012068005485850975
12,8,OFF_2015_0265,0.5346666666666666,-0.005802161263507897,0.0037807306234847286
13,8,OFF_2038_0058,1.2475555555555558,0.0018520365752285961,0.0012068005485850975
14,8,OFF_2050_0127,0.802,-0.0019750623441396505,0.001286965037449815
15,8,OFF_2062_0298,2.1386666666666665,0.005679135494596841,0.00370056613462001
16,8,OFF_2088_0298,0.802,-0.0019750623441396505,0.001286965037449815
17,8,OFF_2104_0509,0.802,-0.0019750623441396505,0.001286965037449815
18,8,OFF_2122_0509,4.812,0.009506234413965087,0.006194331720654923
19,8,OFF_2134_0335,1.2475555555555558,0.0018520365752285961,0.0012068005485850975
20,8,OFF_2193_0401,0.802,-0.0019750623441396505,0.001286965037449815
21,8,OFF_2234_0376,0.5346666666666666,-0.005802161263507897,0.0037807306234847286
22,8,OFF_2254_0042,0.802,-0.0019750623441396505,0.001286965037449815
23,8,OFF_2271_0192,0.8911111111111112,-0.0008146300914380709,0.0005308189127528704
24,8,OFF_2409_0151,0.802,-0.0019750623441396505,0.001286965037449815
25,8,OFF_2413_0534,2.1386666666666665,0.005679135494596841,0.00370056613462001
26,8,OFF_2455_0165,0.5346666666666666,-0.005802161263507897,0.0037807306234847286
27,8,OFF_2471_0176,2.1386666666666665,0.005679135494596841,0.00370056613462001
28,8,OFF_2522_0165,2.1386666666666665,0.005679135494596841,0.00370056613462001
29,8,OFF_2576_0324,1.2475555555555558,0.0018520365752285961,0.0012068005485850975
30,8,OFF_2747_0612,0.802,-0.0019750623441396505,0.001286965037449815
31,8,OFF_2784_0121,0.35644444444444445,-0.009629260182876142,0.00627449620951964
32,8,OFF_2810_0009,0.5346666666666666,-0.005802161263507897,0.0037807306234847286
33,8,OFF_2897_0454,1.2475555555555558,0.0018520365752285961,0.0012068005485850975
34,8,OFF_2932_0544,4.812,0.009506234413965087,0.006194331720654923
35,8,OFF_3020_0278,1.2475555555555558,0.0018520365752285961,0.0012068005485850975
36,8,OFF_3083_0533,0.35644444444444445,-0.009629260182876142,0.00627449620951964
37,8,OFF_3087_0533,2.1386666666666665,0.005679135494596841,0.00370056613462001
38,8,OFF_3204_0533,1.2475555555555558,0.0018520365752285961,0.0012068005485850975
39,8,OFF_3286_0190,0.5346666666666666,-0.005802161263507897,0.0037807306234847286
40,8,OFF_3298_0533,1.2475555555555558,0.0018520365752285961,0.0012068005485850975
41,8,OFF_3301_0533,0.5346666666666666,-0.005802161263507897,0.0037807306234847286
42,8,OFF_333_1695,4.812,0.009506234413965087,0.006194331720654923
43,8,OFF_3337_0300,1.2475555555555558,0.0018520365752285961,0.0012068005485850975
44,8,OFF_3348_0300,1.2475555555555558,0.0018520365752285961,0.0012068005485850975
45,8,OFF_3349_0300,1.2475555555555558,0.0018520365752285961,0.0012068005485850975
46,8,OFF_3420_0533,4.812,0.009506234413965087,0.006194331720654923
47,8,OFF_3478_0533,1.2475555555555558,0.0018520365752285961,0.0012068005485850975
48,8,OFF_3483_0533,0.35644444444444445,-0.009629260182876142,0.00627449620951964
49,8,OFF_3510_0533,1.2475555555555558,0.0018520365752285961,0.0012068005485850975
50,8,OFF_3568_1089,0.802,-0.0019750623441396505,0.001286965037449815
51,8,OFF_3609_0595,1.2475555555555558,0.0018520365752285961,0.0012068005485850975
52,8,OFF_3632_0533,0.35644444444444445,-0.009629260182876142,0.00627449620951964
53,8,OFF_3683_0303,0.22914285714285718,-0.013456359102244388,0.008768261795554552
54,8,OFF_3737_0322,1.2475555555555558,0.0018520365752285961,0.0012068005485850975
55,8,OFF_3775_0382,1.2475555555555558,0.0018520365752285961,0.0012068005485850975
56,8,OFF_3816_0082,0.5346666666666666,-0.005802161263507897,0.0037807306234847286
57,8,OFF_3827_0382,0.35644444444444445,-0.009629260182876142,0.00627449620951964
58,8,OFF_3828_0382,1.2475555555555558,0.0018520365752285961,0.0012068005485850975
59,8,OFF_387_1575,0.35644444444444445,-0.009629260182876142,0.00627449620951964
60,8,OFF_3969_3125,1.2475555555555558,0.0018520365752285961,0.0012068005485850975
61,8,OFF_4251_0588,4.812,0.009506234413965087,0.006194331720654923
62,8,OFF_4317_0397,1.2475555555555558,0.0018520365752285961,0.0012068005485850975
63,8,OFF_4399_0431,0.22914285714285718,-0.013456359102244388,0.008768261795554552
64,8,OFF_4508_0420,0.5346666666666666,-0.005802161263507897,0.0037807306234847286
65,8,OFF_4679_0067,1.2475555555555558,0.0018520365752285961,0.0012068005485850975
66,8,OFF_4695_0067,1.2475555555555558,0.0018520365752285961,0.0012068005485850975
67,8,OFF_4700_0067,1.2475555555555558,0.0018520365752285961,0.0012068005485850975
68,8,OFF_4709_0067,2.1386666666666665,0.005679135494596841,0.00370056613462001
69,8,OFF_4839_0660,0.6683333333333334,-0.0033083956774729835,0.0021557747681187987
70,8,OFF_554_1174,0.802,-0.0019750623441396505,0.001286965037449815
71,8,OFF_646_0402,0.5346666666666666,-0.005802161263507897,0.0037807306234847286
72,8,OFF_830_1630,0.13366666666666666,-0.017283458021612633,0.011262027381589466
73,8,OFF_973_1298,1.2475555555555558,0.0018520365752285961,0.0012068005485850975
74,8,OFF_974_1298,4.812,0.009506234413965087,0.006194331720654923
75,8,OFF_975_1298,0.802,-0.0019750623441396505,0.001286965037449815
76,8,ORD_10286_0381,1.2475555555555558,0.0018520365752285961,0.0012068005485850975
77,8,ORD_10309_0381,0.802,-0.0019750623441396505,0.001286965037449815
78,8,ORD_10357_0263,5.36,0.010845771144278607,0.0070610489220563856
79,8,ORD_10691_0555,0.5346666666666666,-0.005802161263507897,0.0037807306234847286
80,8,ORD_11310_0522,0.802,-0.0019750623441396505,0.001286965037449815
81,8,ORD_11397_0050,4.812,0.009506234413965087,0.006194331720654923
82,8,ORD_11907_0504,2.1386666666666665,0.005679135494596841,0.00370056613462001
83,8,ORD_12011_0505,1.2475555555555558,0.0018520365752285961,0.0012068005485850975
84,8,ORD_12100_0494,0.802,-0.0019750623441396505,0.001286965037449815
85,8,ORD_13193_0108,0.802,-0.0019750623441396505,0.001286965037449815
86,8,ORD_15066_0533,0.802,-0.0019750623441396505,0.001286965037449815
87,8,ORD_15691_0073,0.35644444444444445,-0.009629260182876142,0.00627449620951964
88,8,ORD_15698_0424,0.802,-0.0019750623441396505,0.001286965037449815
89,8,ORD_15765_0612,0.5346666666666666,-0.005802161263507897,0.0037807306234847286
90,8,ORD_15803_0612,0.35644444444444445,-0.009629260182876142,0.00627449620951964
91,8,ORD_15850_0420,0.802,-0.0019750623441396505,0.001286965037449815
92,8,ORD_15934_0251,1.2475555555555558,0.0018520365752285961,0.0012068005485850975
93,8,ORD_16385_0058,0.802,-0.0019750623441396505,0.001286965037449815
94,8,ORD_16518_0369,4.812,0.009506234413965087,0.006194331720654923
95,8,ORD_16577_0535,1.2475555555555558,0.0018520365752285961,0.0012068005485850975
96,8,ORD_17624_0161,2.1386666666666665,0.005679135494596841,0.00370056613462001
97,8,ORD_17692_0068,4.812,0.009506234413965087,0.006194331720654923
98,8,ORD_18017_0204,1.2475555555555558,0.0018520365752285961,0.0012068005485850975
99,8,ORD_18034_0165,2.1386666666666665,0.005679135494596841,0.00370056613462001
100,8,ORD_18333_0006,0.6683333333333334,-0.0033083956774729835,0.0021557747681187987
101,8,ORD_19637_0042,2.1386666666666665,0.005679135494596841,0.00370056613462001
102,8,ORD_19668_0190,1.2475555555555558,0.0018520365752285961,0.0012068005485850975
103,8,ORD_19877_0413,4.812,0.009506234413965087,0.006194331720654923
104,8,ORD_19969_0413,0.802,-0.0019750623441396505,0.001286965037449815
105,8,ORD_21050_0365,0.802,-0.0019750623441396505,0.001286965037449815
106,8,ORD_21328_0376,2.1386666666666665,0.005679135494596841,0.00370056613462001
107,8,ORD_21496_0178,0.5346666666666666,-0.005802161263507897,0.0037807306234847286
108,8,ORD_2241_1698,1.2475555555555558,0.0018520365752285961,0.0012068005485850975
109,8,ORD_23771_0273,2.1386666666666665,0.005679135494596841,0.00370056613462001
110,8,ORD_24565_0340,1.2475555555555558,0.0018520365752285961,0.0012068005485850975
111,8,ORD_25002_0127,0.802,-0.0019750623441396505,0.001286965037449815
112,8,ORD_27012_0412,0.802,-0.0019750623441396505,0.001286965037449815
113,8,ORD_27266_0300,0.22914285714285718,-0.013456359102244388,0.008768261795554552
114,8,ORD_29562_0016,0.5346666666666666,-0.005802161263507897,0.0037807306234847286
115,8,ORD_29768_0016,1.2475555555555558,0.0018520365752285961,0.0012068005485850975
116,8,ORD_3023_1427,0.5346666666666666,-0.005802161263507897,0.0037807306234847286
117,8,ORD_3794_1253,1.2475555555555558,0.0018520365752285961,0.0012068005485850975
118,8,ORD_3806_1253,1.2475555555555558,0.0018520365752285961,0.0012068005485850975
119,8,ORD_49233_0100,1.2475555555555558,0.0018520365752285961,0.0012068005485850975
120,8,ORD_5009_1589,4.812,0.009506234413965087,0.006194331720654923
121,8,ORD_5022_1589,4.812,0.009506234413965087,0.006194331720654923
122,8,ORD_547_1795,0.802,-0.0019750623441396505,0.001286965037449815
123,8,ORD_8187_0198,2.1386666666666665,0.005679135494596841,0.00370056613462001
124,8,ORD_9802_0445,4.812,0.009506234413965087,0.006194331720654923
0,5,OFF_111_1704,0.7104294478527607,-0.003000731110334086,0.002036299629410725
1,5,OFF_1149_0073,1.105112474437628,0.0008169363298261238,0.0005543739457188092
2,5,OFF_1258_1626,0.7104294478527607,-0.003000731110334086,0.002036299629410725
3,5,OFF_1324_1800,4.262576687116565,0.00845227121014654,0.005735721095977876
4,5,OFF_139_1814,1.105112474437628,0.0008169363298261238,0.0005543739457188092
5,5,OFF_1447_0097,0.3157464212678937,-0.010636065990654503,0.007217646779669792
6,5,OFF_1489_0351,1.894478527607362,0.004634603769986332,0.0031450475208483425
7,5,OFF_14975_0059,0.47361963190184053,-0.006818398550494293,0.0046269732045402575
8,5,OFF_14985_0059,4.262576687116565,0.00845227121014654,0.005735721095977876
9,5,OFF_15100_0059,1.105112474437628,0.0008169363298261238,0.0005543739457188092
10,5,OFF_1745_0198,0.947239263803681,-0.0004100575352045518,0.00027826552139193113
11,5,OFF_1771_0198,0.3157464212678937,-0.010636065990654503,0.007217646779669792
12,5,OFF_1797_0569,1.105112474437628,0.0008169363298261238,0.0005543739457188092
13,5,OFF_1804_0365,0.7104294478527607,-0.003000731110334086,0.002036299629410725
14,5,OFF_1952_0412,4.262576687116565,0.00845227121014654,0.005735721095977876
15,5,OFF_1990_0050,1.894478527607362,0.004634603769986332,0.0031450475208483425
16,5,OFF_2007_0050,4.262576687116565,0.00845227121014654,0.005735721095977876
17,5,OFF_2031_0058,4.262576687116565,0.00845227121014654,0.005735721095977876
18,5,OFF_2074_0293,1.105112474437628,0.0008169363298261238,0.0005543739457188092
19,5,OFF_2162_0401,1.105112474437628,0.0008169363298261238,0.0005543739457188092
20,5,OFF_2215_0401,1.894478527607362,0.004634603769986332,0.0031450475208483425
21,5,OFF_2224_0358,0.7104294478527607,-0.003000731110334086,0.002036299629410725
22,5,OFF_2248_1419,0.3157464212678937,-0.010636065990654503,0.007217646779669792
23,5,OFF_2252_1419,1.894478527607362,0.004634603769986332,0.0031450475208483425
24,5,OFF_2284_0042,0.7104294478527607,-0.003000731110334086,0.002036299629410725
25,5,OFF_2448_0253,1.894478527607362,0.004634603769986332,0.0031450475208483425
26,5,OFF_2520_0165,1.105112474437628,0.0008169363298261238,0.0005543739457188092
27,5,OFF_2603_0112,1.6576687116564417,0.003407609904955657,0.002312408053737602
28,5,OFF_2605_0113,1.105112474437628,0.0008169363298261238,0.0005543739457188092
29,5,OFF_2756_0009,4.748466257668712,0.009685959322141374,0.006567434981318818
30,5,OFF_2756_0612,0.3157464212678937,-0.010636065990654503,0.007217646779669792
31,5,OFF_2823_0009,1.105112474437628,0.0008169363298261238,0.0005543739457188092
32,5,OFF_288_1629,0.7104294478527607,-0.003000731110334086,0.002036299629410725
33,5,OFF_2911_0446,1.105112474437628,0.0008169363298261238,0.0005543739457188092
34,5,OFF_2986_0193,1.105112474437628,0.0008169363298261238,0.0005543739457188092
35,5,OFF_3054_0450,0.47361963190184053,-0.006818398550494293,0.0046269732045402575
36,5,OFF_3067_0071,1.105112474437628,0.0008169363298261238,0.0005543739457188092
37,5,OFF_3136_0533,0.7104294478527607,-0.003000731110334086,0.002036299629410725
38,5,OFF_3244_1698,4.262576687116565,0.00845227121014654,0.005735721095977876
39,5,OFF_3247_0533,0.7104294478527607,-0.003000731110334086,0.002036299629410725
40,5,OFF_3287_0190,0.3157464212678937,-0.010636065990654503,0.007217646779669792
41,5,OFF_329_1253,0.3157464212678937,-0.010636065990654503,0.007217646779669792
42,5,OFF_3358_0533,0.47361963190184053,-0.006818398550494293,0.0046269732045402575
43,5,OFF_3387_0533,1.105112474437628,0.0008169363298261238,0.0005543739457188092
44,5,OFF_345_1253,1.894478527607362,0.004634603769986332,0.0031450475208483425
45,5,OFF_348_1253,0.3157464212678937,-0.010636065990654503,0.007217646779669792
46,5,OFF_3528_0595,1.894478527607362,0.004634603769986332,0.0031450475208483425
47,5,OFF_3535_0533,1.894478527607362,0.004634603769986332,0.0031450475208483425
48,5,OFF_3556_0595,1.105112474437628,0.0008169363298261238,0.0005543739457188092
49,5,OFF_357_1615,4.262576687116565,0.00845227121014654,0.005735721095977876
50,5,OFF_3594_0065,1.105112474437628,0.0008169363298261238,0.0005543739457188092
51,5,OFF_3604_0065,1.894478527607362,0.004634603769986332,0.0031450475208483425
52,5,OFF_3642_0533,0.47361963190184053,-0.006818398550494293,0.0046269732045402575
53,5,OFF_3708_0091,0.3157464212678937,-0.010636065990654503,0.007217646779669792
54,5,OFF_3722_0091,1.894478527607362,0.004634603769986332,0.0031450475208483425
55,5,OFF_3773_0055,0.3157464212678937,-0.010636065990654503,0.007217646779669792
56,5,OFF_4260_0588,1.894478527607362,0.004634603769986332,0.0031450475208483425
57,5,OFF_4297_0588,0.7104294478527607,-0.003000731110334086,0.002036299629410725
58,5,OFF_4308_0397,0.20297984224364593,-0.01445373343081471,0.009808320354799324
59,5,OFF_4369_0431,0.47361963190184053,-0.006818398550494293,0.0046269732045402575
60,5,OFF_4371_0431,0.7104294478527607,-0.003000731110334086,0.002036299629410725
61,5,OFF_4375_0431,0.7104294478527607,-0.003000731110334086,0.002036299629410725
62,5,OFF_4390_0431,1.105112474437628,0.0008169363298261238,0.0005543739457188092
63,5,OFF_4390_3103,1.105112474437628,0.0008169363298261238,0.0005543739457188092
64,5,OFF_4615_1389,0.7104294478527607,-0.003000731110334086,0.002036299629410725
65,5,OFF_4627_1389,4.262576687116565,0.00845227121014654,0.005735721095977876
66,5,OFF_4630_1389,0.7104294478527607,-0.003000731110334086,0.002036299629410725
67,5,OFF_4663_1389,0.7104294478527607,-0.003000731110334086,0.002036299629410725
68,5,OFF_4673_1389,0.7104294478527607,-0.003000731110334086,0.002036299629410725
69,5,OFF_4724_1389,0.11840490797546012,-0.01827140087097492,0.01239899392992886
70,5,OFF_4768_1389,0.7104294478527607,-0.003000731110334086,0.002036299629410725
71,5,OFF_5048_0387,0.7104294478527607,-0.003000731110334086,0.002036299629410725
72,5,OFF_5212_0344,0.7104294478527607,-0.003000731110334086,0.002036299629410725
73,5,OFF_5536_0180,1.105112474437628,0.0008169363298261238,0.0005543739457188092
74,5,OFF_5568_0180,0.3157464212678937,-0.010636065990654503,0.007217646779669792
75,5,OFF_5571_0180,1.105112474437628,0.0008169363298261238,0.0005543739457188092
76,5,OFF_558_1174,1.894478527607362,0.004634603769986332,0.0031450475208483425
77,5,OFF_604_1621,0.7104294478527607,-0.003000731110334086,0.002036299629410725
78,5,OFF_608_1621,1.105112474437628,0.0008169363298261238,0.0005543739457188092
79,5,OFF_680_1363,1.105112474437628,0.0008169363298261238,0.0005543739457188092
80,5,OFF_6822_0144,0.7104294478527607,-0.003000731110334086,0.002036299629410725
81,5,OFF_6861_0144,1.105112474437628,0.0008169363298261238,0.0005543739457188092
82,5,OFF_6866_0033,0.47361963190184053,-0.006818398550494293,0.0046269732045402575
83,5,OFF_6870_0033,0.7104294478527607,-0.003000731110334086,0.002036299629410725
84,5,OFF_6902_0033,1.105112474437628,0.0008169363298261238,0.0005543739457188092
85,5,OFF_9394_0163,0.11840490797546012,-0.01827140087097492,0.01239899392992886
86,5,ORD_1061_1412,4.262576687116565,0.00845227121014654,0.005735721095977876
87,5,ORD_11020_0180,1.105112474437628,0.0008169363298261238,0.0005543739457188092
88,5,ORD_116_1876,0.3157464212678937,-0.010636065990654503,0.007217646779669792
89,5,ORD_11670_0687,4.262576687116565,0.00845227121014654,0.005735721095977876
90,5,ORD_1190_1626,1.105112474437628,0.0008169363298261238,0.0005543739457188092
91,5,ORD_12510_0585,0.7104294478527607,-0.003000731110334086,0.002036299629410725
92,5,ORD_12535_0585,1.894478527607362,0.004634603769986332,0.0031450475208483425
93,5,ORD_12765_0130,1.894478527607362,0.004634603769986332,0.0031450475208483425
94,5,ORD_13844_0102,4.262576687116565,0.00845227121014654,0.005735721095977876
95,5,ORD_14250_0595,1.105112474437628,0.0008169363298261238,0.0005543739457188092
96,5,ORD_14429_0036,1.894478527607362,0.004634603769986332,0.0031450475208483425
97,5,ORD_14505_0036,0.47361963190184053,-0.006818398550494293,0.0046269732045402575
98,5,ORD_15162_0349,1.894478527607362,0.004634603769986332,0.0031450475208483425
99,5,ORD_15242_3103,0.7104294478527607,-0.003000731110334086,0.002036299629410725
100,5,ORD_15251_0619,1.105112474437628,0.0008169363298261238,0.0005543739457188092
101,5,ORD_15542_0121,0.3157464212678937,-0.010636065990654503,0.007217646779669792
102,5,ORD_15548_0382,1.105112474437628,0.0008169363298261238,0.0005543739457188092
103,5,ORD_15656_0253,0.11840490797546012,-0.01827140087097492,0.01239899392992886
104,5,ORD_15828_0113,0.3157464212678937,-0.010636065990654503,0.007217646779669792
105,5,ORD_1603_1612,4.262576687116565,0.00845227121014654,0.005735721095977876
106,5,ORD_16128_0588,0.3157464212678937,-0.010636065990654503,0.007217646779669792
107,5,ORD_16355_0110,1.105112474437628,0.0008169363298261238,0.0005543739457188092
108,5,ORD_16393_0110,4.748466257668712,0.009685959322141374,0.006567434981318818
109,5,ORD_16604_0845,1.105112474437628,0.0008169363298261238,0.0005543739457188092
110,5,ORD_16798_0267,0.7104294478527607,-0.003000731110334086,0.002036299629410725
111,5,ORD_16818_0267,1.894478527607362,0.004634603769986332,0.0031450475208483425
112,5,ORD_16935_0302,1.894478527607362,0.004634603769986332,0.0031450475208483425
113,5,ORD_17368_0097,1.105112474437628,0.0008169363298261238,0.0005543739457188092
114,5,ORD_17593_0161,1.894478527607362,0.004634603769986332,0.0031450475208483425
115,5,ORD_17615_0569,1.894478527607362,0.004634603769986332,0.0031450475208483425
116,5,ORD_17650_0569,1.105112474437628,0.0008169363298261238,0.0005543739457188092
117,5,ORD_17989_0204,1.894478527607362,0.004634603769986332,0.0031450475208483425
118,5,ORD_18181_0165,0.3157464212678937,-0.010636065990654503,0.007217646779669792
119,5,ORD_18241_1389,0.3157464212678937,-0.010636065990654503,0.007217646779669792
120,5,ORD_18289_1389,4.262576687116565,0.00845227121014654,0.005735721095977876
121,5,ORD_18317_0006,4.262576687116565,0.00845227121014654,0.005735721095977876
122,5,ORD_18458_1389,1.105112474437628,0.0008169363298261238,0.0005543739457188092
123,5,ORD_18480_1389,0.3157464212678937,-0.010636065990654503,0.007217646779669792
124,5,ORD_18600_1389,0.47361963190184053,-0.006818398550494293,0.0046269732045402575
125,5,ORD_18640_1389,1.105112474437628,0.0008169363298261238,0.0005543739457188092
126,5,ORD_18648_1389,1.894478527607362,0.004634603769986332,0.0031450475208483425
127,5,ORD_18766_1389,0.7104294478527607,-0.003000731110334086,0.002036299629410725
128,5,ORD_18840_0103,4.262576687116565,0.00845227121014654,0.005735721095977876
129,5,ORD_19440_0399,0.47361963190184053,-0.006818398550494293,0.0046269732045402575
130,5,ORD_19675_0190,0.7104294478527607,-0.003000731110334086,0.002036299629410725
131,5,ORD_19874_0594,1.105112474437628,0.0008169363298261238,0.0005543739457188092
132,5,ORD_19887_0594,1.105112474437628,0.0008169363298261238,0.0005543739457188092
133,5,ORD_19905_0413,4.262576687116565,0.00845227121014654,0.005735721095977876
134,5,ORD_20209_0293,0.7104294478527607,-0.003000731110334086,0.002036299629410725
135,5,ORD_20222_0070,1.105112474437628,0.0008169363298261238,0.0005543739457188092
136,5,ORD_20667_0055,0.3157464212678937,-0.010636065990654503,0.007217646779669792
137,5,ORD_2141_1379,0.7104294478527607,-0.003000731110334086,0.002036299629410725
138,5,ORD_2267_1698,1.105112474437628,0.0008169363298261238,0.0005543739457188092
139,5,ORD_2268_1698,0.7104294478527607,-0.003000731110334086,0.002036299629410725
140,5,ORD_23191_0457,0.11840490797546012,-0.01827140087097492,0.01239899392992886
141,5,ORD_24737_0067,1.894478527607362,0.004634603769986332,0.0031450475208483425
142,5,ORD_24742_0067,1.105112474437628,0.0008169363298261238,0.0005543739457188092
143,5,ORD_2972_1615,1.105112474437628,0.0008169363298261238,0.0005543739457188092
144,5,ORD_30684_0085,1.894478527607362,0.004634603769986332,0.0031450475208483425
145,5,ORD_30730_0085,0.47361963190184053,-0.006818398550494293,0.0046269732045402575
146,5,ORD_3117_1621,0.3157464212678937,-0.010636065990654503,0.007217646779669792
147,5,ORD_3123_1621,1.105112474437628,0.0008169363298261238,0.0005543739457188092
148,5,ORD_3319_1621,0.3157464212678937,-0.010636065990654503,0.007217646779669792
149,5,ORD_3321_1621,1.894478527607362,0.004634603769986332,0.0031450475208483425
150,5,ORD_3739_1635,4.262576687116565,0.00845227121014654,0.005735721095977876
151,5,ORD_3795_1253,0.47361963190184053,-0.006818398550494293,0.0046269732045402575
152,5,ORD_4371_0669,0.47361963190184053,-0.006818398550494293,0.0046269732045402575
153,5,ORD_5121_1648,1.894478527607362,0.004634603769986332,0.0031450475208483425
154,5,ORD_532_1795,4.262576687116565,0.00845227121014654,0.005735721095977876
155,5,ORD_7075_1174,0.47361963190184053,-0.006818398550494293,0.0046269732045402575
156,5,ORD_912_1797,0.7104294478527607,-0.003000731110334086,0.002036299629410725
0,7,OFF_1149_0288,0.6487632508833922,-0.0022956650269059338,0.001602548600430141
1,7,OFF_1204_0354,1.7300353356890459,0.0023857363911406726,0.0016654252557790094
2,7,OFF_1214_0354,0.43250883392226147,-0.004636365735929237,0.0032365355285347164
3,7,OFF_1339_0687,0.43250883392226147,-0.004636365735929237,0.0032365355285347164
4,7,OFF_1357_0687,0.8650176678445229,-0.0006616780988013583,0.0004619015835243814
5,7,OFF_1417_0453,3.8925795053003536,0.004726437100163976,0.0032994121838835844
6,7,OFF_1428_0097,1.0091872791519434,4.503568211737009e-05,3.143832767443441e-05
7,7,OFF_1438_0097,0.28833922261484096,-0.006977066444952539,0.004870522456639291
8,7,OFF_1448_1800,1.7300353356890459,0.0023857363911406726,0.0016654252557790094
9,7,OFF_1492_0940,1.0091872791519434,4.503568211737009e-05,3.143832767443441e-05
10,7,OFF_1494_0351,1.7300353356890459,0.0023857363911406726,0.0016654252557790094
11,7,OFF_1613_0150,3.8925795053003536,0.004726437100163976,0.0032994121838835844
12,7,OFF_1614_0072,0.43250883392226147,-0.004636365735929237,0.0032365355285347164
13,7,OFF_1655_0377,1.7300353356890459,0.0023857363911406726,0.0016654252557790094
14,7,OFF_178_1720,3.8925795053003536,0.004726437100163976,0.0032994121838835844
15,7,OFF_1813_0166,1.7300353356890459,0.0023857363911406726,0.0016654252557790094
16,7,OFF_1816_0572,1.7300353356890459,0.0023857363911406726,0.0016654252557790094
17,7,OFF_1835_0572,1.7300353356890459,0.0023857363911406726,0.0016654252557790094
18,7,OFF_1850_0445,1.0091872791519434,4.503568211737009e-05,3.143832767443441e-05
19,7,OFF_1851_0429,1.7300353356890459,0.0023857363911406726,0.0016654252557790094
20,7,OFF_1856_0006,1.7300353356890459,0.0023857363911406726,0.0016654252557790094
21,7,OFF_1937_0319,1.0091872791519434,4.503568211737009e-05,3.143832767443441e-05
22,7,OFF_1957_0319,0.6487632508833922,-0.0022956650269059338,0.001602548600430141
23,7,OFF_1962_0100,1.0091872791519434,4.503568211737009e-05,3.143832767443441e-05
24,7,OFF_1986_0161,1.0091872791519434,4.503568211737009e-05,3.143832767443441e-05
25,7,OFF_2004_0187,0.6487632508833922,-0.0022956650269059338,0.001602548600430141
26,7,OFF_2040_0127,1.0091872791519434,4.503568211737009e-05,3.143832767443441e-05
27,7,OFF_2083_0550,4.332155477031802,0.005435816438877328,0.0037927417460608577
28,7,OFF_2091_0293,0.6487632508833922,-0.0022956650269059338,0.001602548600430141
29,7,OFF_2091_0550,1.7300353356890459,0.0023857363911406726,0.0016654252557790094
30,7,OFF_2116_0273,3.8925795053003536,0.004726437100163976,0.0032994121838835844
31,7,OFF_2197_0379,0.6487632508833922,-0.0022956650269059338,0.001602548600430141
32,7,OFF_2201_0619,1.7300353356890459,0.0023857363911406726,0.0016654252557790094
33,7,OFF_2259_0042,0.43250883392226147,-0.004636365735929237,0.0032365355285347164
34,7,OFF_2269_0106,1.7300353356890459,0.0023857363911406726,0.0016654252557790094
35,7,OFF_2440_0165,1.7300353356890459,0.0023857363911406726,0.0016654252557790094
36,7,OFF_2440_0176,1.0091872791519434,4.503568211737009e-05,3.143832767443441e-05
37,7,OFF_2475_0176,1.0091872791519434,4.503568211737009e-05,3.143832767443441e-05
38,7,OFF_2484_0124,1.7300353356890459,0.0023857363911406726,0.0016654252557790094
39,7,OFF_2489_0124,0.43250883392226147,-0.004636365735929237,0.0032365355285347164
40,7,OFF_2503_0165,3.8925795053003536,0.004726437100163976,0.0032994121838835844
41,7,OFF_2512_0165,1.0091872791519434,4.503568211737009e-05,3.143832767443441e-05
42,7,OFF_2515_0130,1.0091872791519434,4.503568211737009e-05,3.143832767443441e-05
43,7,OFF_2518_0165,4.332155477031802,0.005435816438877328,0.0037927417460608577
44,7,OFF_2519_0165,3.8925795053003536,0.004726437100163976,0.0032994121838835844
45,7,OFF_2523_0130,0.28833922261484096,-0.006977066444952539,0.004870522456639291
46,7,OFF_2547_0349,1.0091872791519434,4.503568211737009e-05,3.143832767443441e-05
47,7,OFF_2554_0675,1.7300353356890459,0.0023857363911406726,0.0016654252557790094
48,7,OFF_2573_0284,3.8925795053003536,0.004726437100163976,0.0032994121838835844
49,7,OFF_2602_0113,0.6487632508833922,-0.0022956650269059338,0.001602548600430141
50,7,OFF_2658_0267,1.7300353356890459,0.0023857363911406726,0.0016654252557790094
51,7,OFF_2710_0310,0.43250883392226147,-0.004636365735929237,0.0032365355285347164
52,7,OFF_2737_0612,1.0091872791519434,4.503568211737009e-05,3.143832767443441e-05
53,7,OFF_2754_0310,0.6487632508833922,-0.0022956650269059338,0.001602548600430141
54,7,OFF_2862_0154,0.28833922261484096,-0.006977066444952539,0.004870522456639291
55,7,OFF_2875_0122,0.6487632508833922,-0.0022956650269059338,0.001602548600430141
56,7,OFF_2876_0122,0.6487632508833922,-0.0022956650269059338,0.001602548600430141
57,7,OFF_2983_0177,1.0091872791519434,4.503568211737009e-05,3.143832767443441e-05
58,7,OFF_2986_1372,0.43250883392226147,-0.004636365735929237,0.0032365355285347164
59,7,OFF_2988_0177,3.8925795053003536,0.004726437100163976,0.0032994121838835844
60,7,OFF_3004_0278,1.0091872791519434,4.503568211737009e-05,3.143832767443441e-05
61,7,OFF_3009_1372,0.6487632508833922,-0.0022956650269059338,0.001602548600430141
62,7,OFF_3016_0278,0.43250883392226147,-0.004636365735929237,0.0032365355285347164
63,7,OFF_3030_0462,1.0091872791519434,4.503568211737009e-05,3.143832767443441e-05
64,7,OFF_3052_0450,1.0091872791519434,4.503568211737009e-05,3.143832767443441e-05
65,7,OFF_3119_0419,3.8925795053003536,0.004726437100163976,0.0032994121838835844
66,7,OFF_3143_1698,0.6487632508833922,-0.0022956650269059338,0.001602548600430141
67,7,OFF_3243_0036,3.8925795053003536,0.004726437100163976,0.0032994121838835844
68,7,OFF_3263_0406,4.332155477031802,0.005435816438877328,0.0037927417460608577
69,7,OFF_3265_0190,0.6487632508833922,-0.0022956650269059338,0.001602548600430141
70,7,OFF_3313_0295,0.6487632508833922,-0.0022956650269059338,0.001602548600430141
71,7,OFF_3439_0098,0.18536092882382635,-0.009317767153975842,0.006504509384743866
72,7,OFF_3480_0535,3.8925795053003536,0.004726437100163976,0.0032994121838835844
73,7,OFF_3487_0535,1.0091872791519434,4.503568211737009e-05,3.143832767443441e-05
74,7,OFF_3503_0535,1.0091872791519434,4.503568211737009e-05,3.143832767443441e-05
75,7,OFF_3524_0535,3.8925795053003536,0.004726437100163976,0.0032994121838835844
76,7,OFF_3553_0533,0.43250883392226147,-0.004636365735929237,0.0032365355285347164
77,7,OFF_3554_0533,0.6487632508833922,-0.0022956650269059338,0.001602548600430141
78,7,OFF_3586_0533,0.28833922261484096,-0.006977066444952539,0.004870522456639291
79,7,OFF_3603_0065,1.7300353356890459,0.0023857363911406726,0.0016654252557790094
80,7,OFF_3690_0091,1.0091872791519434,4.503568211737009e-05,3.143832767443441e-05
81,7,OFF_3696_0091,3.8925795053003536,0.004726437100163976,0.0032994121838835844
82,7,OFF_3709_0091,1.0091872791519434,4.503568211737009e-05,3.143832767443441e-05
83,7,OFF_3834_0251,3.8925795053003536,0.004726437100163976,0.0032994121838835844
84,7,OFF_386_1575,0.28833922261484096,-0.006977066444952539,0.004870522456639291
85,7,OFF_4295_0588,0.43250883392226147,-0.004636365735929237,0.0032365355285347164
86,7,OFF_4339_0035,1.7300353356890459,0.0023857363911406726,0.0016654252557790094
87,7,OFF_4520_0420,1.0091872791519434,4.503568211737009e-05,3.143832767443441e-05
88,7,OFF_4606_0505,0.6487632508833922,-0.0022956650269059338,0.001602548600430141
89,7,OFF_4684_0136,1.7300353356890459,0.0023857363911406726,0.0016654252557790094
90,7,OFF_4685_0136,1.0091872791519434,4.503568211737009e-05,3.143832767443441e-05
91,7,OFF_472_1633,1.0091872791519434,4.503568211737009e-05,3.143832767443441e-05
92,7,OFF_4864_0660,0.28833922261484096,-0.006977066444952539,0.004870522456639291
93,7,OFF_5157_0275,1.7300353356890459,0.0023857363911406726,0.0016654252557790094
94,7,OFF_5201_0344,3.8925795053003536,0.004726437100163976,0.0032994121838835844
95,7,OFF_5389_0669,1.0091872791519434,4.503568211737009e-05,3.143832767443441e-05
96,7,OFF_552_1624,3.8925795053003536,0.004726437100163976,0.0032994121838835844
97,7,OFF_6879_0144,0.18536092882382635,-0.009317767153975842,0.006504509384743866
98,7,OFF_6881_0144,0.6487632508833922,-0.0022956650269059338,0.001602548600430141
99,7,OFF_709_1678,0.6487632508833922,-0.0022956650269059338,0.001602548600430141
100,7,OFF_7470_0259,0.43250883392226147,-0.004636365735929237,0.0032365355285347164
101,7,OFF_7488_0259,1.0091872791519434,4.503568211737009e-05,3.143832767443441e-05
102,7,OFF_807_1138,1.0091872791519434,4.503568211737009e-05,3.143832767443441e-05
103,7,ORD_10397_0263,1.7300353356890459,0.0023857363911406726,0.0016654252557790094
104,7,ORD_10471_0940,0.18536092882382635,-0.009317767153975842,0.006504509384743866
105,7,ORD_10669_0555,1.0091872791519434,4.503568211737009e-05,3.143832767443441e-05
106,7,ORD_10711_0555,3.8925795053003536,0.004726437100163976,0.0032994121838835844
107,7,ORD_10731_0555,1.0091872791519434,4.503568211737009e-05,3.143832767443441e-05
108,7,ORD_1097_1547,3.8925795053003536,0.004726437100163976,0.0032994121838835844
109,7,ORD_11228_0092,1.7300353356890459,0.0023857363911406726,0.0016654252557790094
110,7,ORD_11393_0303,1.7300353356890459,0.0023857363911406726,0.0016654252557790094
111,7,ORD_11418_0303,1.0091872791519434,4.503568211737009e-05,3.143832767443441e-05
112,7,ORD_11609_0187,1.7300353356890459,0.0023857363911406726,0.0016654252557790094
113,7,ORD_11617_0687,1.0091872791519434,4.503568211737009e-05,3.143832767443441e-05
114,7,ORD_11626_0187,1.7300353356890459,0.0023857363911406726,0.0016654252557790094
115,7,ORD_11641_0187,1.0091872791519434,4.503568211737009e-05,3.143832767443441e-05
116,7,ORD_11671_0687,1.7300353356890459,0.0023857363911406726,0.0016654252557790094
117,7,ORD_11680_0687,1.0091872791519434,4.503568211737009e-05,3.143832767443441e-05
118,7,ORD_11683_0687,0.6487632508833922,-0.0022956650269059338,0.001602548600430141
119,7,ORD_11684_0687,1.0091872791519434,4.503568211737009e-05,3.143832767443441e-05
120,7,ORD_11806_0351,1.7300353356890459,0.0023857363911406726,0.0016654252557790094
121,7,ORD_11893_0504,1.0091872791519434,4.503568211737009e-05,3.143832767443441e-05
122,7,ORD_12012_0505,0.6487632508833922,-0.0022956650269059338,0.001602548600430141
123,7,ORD_12019_0322,0.6487632508833922,-0.0022956650269059338,0.001602548600430141
124,7,ORD_12175_0332,1.7300353356890459,0.0023857363911406726,0.0016654252557790094
125,7,ORD_12536_0585,0.6487632508833922,-0.0022956650269059338,0.001602548600430141
126,7,ORD_12539_0585,1.7300353356890459,0.0023857363911406726,0.0016654252557790094
127,7,ORD_12563_0585,1.7300353356890459,0.0023857363911406726,0.0016654252557790094
128,7,ORD_12600_0585,0.28833922261484096,-0.006977066444952539,0.004870522456639291
129,7,ORD_12711_0527,0.28833922261484096,-0.006977066444952539,0.004870522456639291
130,7,ORD_12804_0130,1.0091872791519434,4.503568211737009e-05,3.143832767443441e-05
131,7,ORD_12849_0327,1.7300353356890459,0.0023857363911406726,0.0016654252557790094
132,7,ORD_12852_0327,1.0091872791519434,4.503568211737009e-05,3.143832767443441e-05
133,7,ORD_13185_0108,1.7300353356890459,0.0023857363911406726,0.0016654252557790094
134,7,ORD_13451_0363,1.0091872791519434,4.503568211737009e-05,3.143832767443441e-05
135,7,ORD_13640_0374,0.43250883392226147,-0.004636365735929237,0.0032365355285347164
136,7,ORD_13674_0374,1.0091872791519434,4.503568211737009e-05,3.143832767443441e-05
137,7,ORD_1378_1624,1.7300353356890459,0.0023857363911406726,0.0016654252557790094
138,7,ORD_13800_0419,3.8925795053003536,0.004726437100163976,0.0032994121838835844
139,7,ORD_13811_0072,1.7300353356890459,0.0023857363911406726,0.0016654252557790094
140,7,ORD_13844_0431,3.8925795053003536,0.004726437100163976,0.0032994121838835844
141,7,ORD_13854_0072,1.0091872791519434,4.503568211737009e-05,3.143832767443441e-05
142,7,ORD_13909_0550,1.7300353356890459,0.0023857363911406726,0.0016654252557790094
143,7,ORD_13914_0102,1.0091872791519434,4.503568211737009e-05,3.143832767443441e-05
144,7,ORD_13915_0072,1.7300353356890459,0.0023857363911406726,0.0016654252557790094
145,7,ORD_14115_0119,1.7300353356890459,0.0023857363911406726,0.0016654252557790094
146,7,ORD_14121_0312,0.6487632508833922,-0.0022956650269059338,0.001602548600430141
147,7,ORD_14298_0186,1.7300353356890459,0.0023857363911406726,0.0016654252557790094
148,7,ORD_14410_0406,0.6487632508833922,-0.0022956650269059338,0.001602548600430141
149,7,ORD_14440_0288,1.0091872791519434,4.503568211737009e-05,3.143832767443441e-05
150,7,ORD_14440_0607,0.6487632508833922,-0.0022956650269059338,0.001602548600430141
151,7,ORD_14451_0036,0.6487632508833922,-0.0022956650269059338,0.001602548600430141
152,7,ORD_14479_0288,0.43250883392226147,-0.004636365735929237,0.0032365355285347164
153,7,ORD_14531_0036,3.8925795053003536,0.004726437100163976,0.0032994121838835844
154,7,ORD_15007_0533,3.8925795053003536,0.004726437100163976,0.0032994121838835844
155,7,ORD_15056_0533,0.6487632508833922,-0.0022956650269059338,0.001602548600430141
156,7,ORD_15061_0533,1.0091872791519434,4.503568211737009e-05,3.143832767443441e-05
157,7,ORD_15096_0151,1.7300353356890459,0.0023857363911406726,0.0016654252557790094
158,7,ORD_15151_0349,0.6487632508833922,-0.0022956650269059338,0.001602548600430141
159,7,ORD_15158_0349,1.7300353356890459,0.0023857363911406726,0.0016654252557790094
160,7,ORD_15186_0349,1.7300353356890459,0.0023857363911406726,0.0016654252557790094
161,7,ORD_15210_0349,1.7300353356890459,0.0023857363911406726,0.0016654252557790094
162,7,ORD_15409_0446,0.28833922261484096,-0.006977066444952539,0.004870522456639291
163,7,ORD_15473_0122,1.7300353356890459,0.0023857363911406726,0.0016654252557790094
164,7,ORD_15527_0122,0.6487632508833922,-0.0022956650269059338,0.001602548600430141
165,7,ORD_15629_0073,1.0091872791519434,4.503568211737009e-05,3.143832767443441e-05
166,7,ORD_15634_0253,0.6487632508833922,-0.0022956650269059338,0.001602548600430141
167,7,ORD_15668_0253,0.6487632508833922,-0.0022956650269059338,0.001602548600430141
168,7,ORD_15794_0113,1.0091872791519434,4.503568211737009e-05,3.143832767443441e-05
169,7,ORD_15815_0113,0.18536092882382635,-0.009317767153975842,0.006504509384743866
170,7,ORD_15816_0612,1.0091872791519434,4.503568211737009e-05,3.143832767443441e-05
171,7,ORD_15830_0113,1.7300353356890459,0.0023857363911406726,0.0016654252557790094
172,7,ORD_1584_1612,1.0091872791519434,4.503568211737009e-05,3.143832767443441e-05
173,7,ORD_15868_0133,1.7300353356890459,0.0023857363911406726,0.0016654252557790094
174,7,ORD_15868_0420,1.0091872791519434,4.503568211737009e-05,3.143832767443441e-05
175,7,ORD_15900_0133,3.8925795053003536,0.004726437100163976,0.0032994121838835844
176,7,ORD_16032_0588,0.18536092882382635,-0.009317767153975842,0.006504509384743866
177,7,ORD_16080_0125,1.7300353356890459,0.0023857363911406726,0.0016654252557790094
178,7,ORD_16105_0280,1.0091872791519434,4.503568211737009e-05,3.143832767443441e-05
179,7,ORD_16159_0032,0.28833922261484096,-0.006977066444952539,0.004870522456639291
180,7,ORD_16182_0275,1.0091872791519434,4.503568211737009e-05,3.143832767443441e-05
181,7,ORD_16202_0319,0.6487632508833922,-0.0022956650269059338,0.001602548600430141
182,7,ORD_16342_0110,1.7300353356890459,0.0023857363911406726,0.0016654252557790094
183,7,ORD_16348_0110,1.0091872791519434,4.503568211737009e-05,3.143832767443441e-05
184,7,ORD_16386_0110,1.7300353356890459,0.0023857363911406726,0.0016654252557790094
185,7,ORD_16408_0110,1.7300353356890459,0.0023857363911406726,0.0016654252557790094
186,7,ORD_16424_0058,3.8925795053003536,0.004726437100163976,0.0032994121838835844
187,7,ORD_16483_0111,1.7300353356890459,0.0023857363911406726,0.0016654252557790094
188,7,ORD_16511_0111,3.8925795053003536,0.004726437100163976,0.0032994121838835844
189,7,ORD_16542_0438,0.21625441696113074,-0.007683780225871267,0.005363862367838107
190,7,ORD_16605_0438,0.43250883392226147,-0.004636365735929237,0.0032365355285347164
191,7,ORD_16614_0845,0.43250883392226147,-0.004636365735929237,0.0032365355285347164
192,7,ORD_16802_0267,1.0091872791519434,4.503568211737009e-05,3.143832767443441e-05
193,7,ORD_16816_0267,0.6487632508833922,-0.0022956650269059338,0.001602548600430141
194,7,ORD_16869_0284,1.7300353356890459,0.0023857363911406726,0.0016654252557790094
195,7,ORD_16907_0572,0.6487632508833922,-0.0022956650269059338,0.001602548600430141
196,7,ORD_16921_0302,4.332155477031802,0.005435816438877328,0.0037927417460608577
197,7,ORD_1707_1304,1.0091872791519434,4.503568211737009e-05,3.143832767443441e-05
198,7,ORD_17080_0541,1.7300353356890459,0.0023857363911406726,0.0016654252557790094
199,7,ORD_17312_0509,0.28833922261484096,-0.006977066444952539,0.004870522456639291
200,7,ORD_17318_0097,1.7300353356890459,0.0023857363911406726,0.0016654252557790094
201,7,ORD_17327_0149,3.8925795053003536,0.004726437100163976,0.0032994121838835844
202,7,ORD_17354_0095,0.6487632508833922,-0.0022956650269059338,0.001602548600430141
203,7,ORD_17368_0192,1.7300353356890459,0.0023857363911406726,0.0016654252557790094
204,7,ORD_17384_0192,1.7300353356890459,0.0023857363911406726,0.0016654252557790094
205,7,ORD_17418_0192,1.0091872791519434,4.503568211737009e-05,3.143832767443441e-05
206,7,ORD_17463_0064,1.7300353356890459,0.0023857363911406726,0.0016654252557790094
207,7,ORD_17757_0564,1.0091872791519434,4.503568211737009e-05,3.143832767443441e-05
208,7,ORD_17770_0564,3.8925795053003536,0.004726437100163976,0.0032994121838835844
209,7,ORD_18005_0152,1.7300353356890459,0.0023857363911406726,0.0016654252557790094
210,7,ORD_18155_0165,1.0091872791519434,4.503568211737009e-05,3.143832767443441e-05
211,7,ORD_18228_0165,3.8925795053003536,0.004726437100163976,0.0032994121838835844
212,7,ORD_18320_0006,1.7300353356890459,0.0023857363911406726,0.0016654252557790094
213,7,ORD_18330_0006,0.43250883392226147,-0.004636365735929237,0.0032365355285347164
214,7,ORD_18453_0344,1.0091872791519434,4.503568211737009e-05,3.143832767443441e-05
215,7,ORD_18487_0344,3.8925795053003536,0.004726437100163976,0.0032994121838835844
216,7,ORD_18521_0361,1.7300353356890459,0.0023857363911406726,0.0016654252557790094
217,7,ORD_18928_0285,0.6487632508833922,-0.0022956650269059338,0.001602548600430141
218,7,ORD_18934_0278,0.28833922261484096,-0.006977066444952539,0.004870522456639291
219,7,ORD_18942_0278,3.8925795053003536,0.004726437100163976,0.0032994121838835844
220,7,ORD_18976_0278,3.8925795053003536,0.004726437100163976,0.0032994121838835844
221,7,ORD_19259_0596,0.43250883392226147,-0.004636365735929237,0.0032365355285347164
222,7,ORD_19366_0399,3.8925795053003536,0.004726437100163976,0.0032994121838835844
223,7,ORD_19488_0393,1.0091872791519434,4.503568211737009e-05,3.143832767443441e-05
224,7,ORD_19534_0298,3.8925795053003536,0.004726437100163976,0.0032994121838835844
225,7,ORD_19612_0190,0.6487632508833922,-0.0022956650269059338,0.001602548600430141
226,7,ORD_19674_0190,1.7300353356890459,0.0023857363911406726,0.0016654252557790094
227,7,ORD_19957_0413,1.7300353356890459,0.0023857363911406726,0.0016654252557790094
228,7,ORD_20161_0166,1.0091872791519434,4.503568211737009e-05,3.143832767443441e-05
229,7,ORD_20337_0293,1.7300353356890459,0.0023857363911406726,0.0016654252557790094
230,7,ORD_20372_0293,4.332155477031802,0.005435816438877328,0.0037927417460608577
231,7,ORD_20923_0352,1.0091872791519434,4.503568211737009e-05,3.143832767443441e-05
232,7,ORD_20985_0366,1.7300353356890459,0.0023857363911406726,0.0016654252557790094
233,7,ORD_21035_0352,0.6487632508833922,-0.0022956650269059338,0.001602548600430141
234,7,ORD_21083_0365,1.7300353356890459,0.0023857363911406726,0.0016654252557790094
235,7,ORD_21355_0091,3.8925795053003536,0.004726437100163976,0.0032994121838835844
236,7,ORD_21405_0091,4.332155477031802,0.005435816438877328,0.0037927417460608577
237,7,ORD_21492_0178,1.0091872791519434,4.503568211737009e-05,3.143832767443441e-05
238,7,ORD_21972_0605,3.8925795053003536,0.004726437100163976,0.0032994121838835844
239,7,ORD_22121_0071,3.8925795053003536,0.004726437100163976,0.0032994121838835844
240,7,ORD_22145_0485,0.6487632508833922,-0.0022956650269059338,0.001602548600430141
241,7,ORD_22524_0124,1.7300353356890459,0.0023857363911406726,0.0016654252557790094
242,7,ORD_22785_0534,1.7300353356890459,0.0023857363911406726,0.0016654252557790094
243,7,ORD_22851_0023,0.28833922261484096,-0.006977066444952539,0.004870522456639291
244,7,ORD_23252_0150,3.8925795053003536,0.004726437100163976,0.0032994121838835844
245,7,ORD_24213_0450,0.28833922261484096,-0.006977066444952539,0.004870522456639291
246,7,ORD_24890_0193,1.0091872791519434,4.503568211737009e-05,3.143832767443441e-05
247,7,ORD_24969_0127,1.7300353356890459,0.0023857363911406726,0.0016654252557790094
248,7,ORD_25165_0323,0.6487632508833922,-0.0022956650269059338,0.001602548600430141
249,7,ORD_25295_0346,1.7300353356890459,0.0023857363911406726,0.0016654252557790094
250,7,ORD_25735_0044,0.6487632508833922,-0.0022956650269059338,0.001602548600430141
251,7,ORD_25761_0044,1.0091872791519434,4.503568211737009e-05,3.143832767443441e-05
252,7,ORD_25764_0044,1.0091872791519434,4.503568211737009e-05,3.143832767443441e-05
253,7,ORD_2622_1328,0.43250883392226147,-0.004636365735929237,0.0032365355285347164
254,7,ORD_27303_0300,1.0091872791519434,4.503568211737009e-05,3.143832767443441e-05
255,7,ORD_27316_0300,0.43250883392226147,-0.004636365735929237,0.0032365355285347164
256,7,ORD_28709_0401,1.7300353356890459,0.0023857363911406726,0.0016654252557790094
257,7,ORD_29674_0016,3.8925795053003536,0.004726437100163976,0.0032994121838835844
258,7,ORD_29732_0016,1.7300353356890459,0.0023857363911406726,0.0016654252557790094
259,7,ORD_3133_1427,0.6487632508833922,-0.0022956650269059338,0.001602548600430141
260,7,ORD_3433_1411,0.6487632508833922,-0.0022956650269059338,0.001602548600430141
261,7,ORD_36363_0164,1.7300353356890459,0.0023857363911406726,0.0016654252557790094
262,7,ORD_3740_1635,3.8925795053003536,0.004726437100163976,0.0032994121838835844
263,7,ORD_3765_1635,3.8925795053003536,0.004726437100163976,0.0032994121838835844
264,7,ORD_3838_1635,3.8925795053003536,0.004726437100163976,0.0032994121838835844
265,7,ORD_48061_0590,0.8650176678445229,-0.0006616780988013583,0.0004619015835243814
266,7,ORD_48062_0590,3.8925795053003536,0.004726437100163976,0.0032994121838835844
267,7,ORD_523_1721,3.8925795053003536,0.004726437100163976,0.0032994121838835844
268,7,ORD_53580_0059,3.8925795053003536,0.004726437100163976,0.0032994121838835844
269,7,ORD_538_1795,0.6487632508833922,-0.0022956650269059338,0.001602548600430141
270,7,ORD_6924_1174,1.0091872791519434,4.503568211737009e-05,3.143832767443441e-05
271,7,ORD_6991_1174,1.0091872791519434,4.503568211737009e-05,3.143832767443441e-05
272,7,ORD_771_1630,0.43250883392226147,-0.004636365735929237,0.0032365355285347164
273,7,ORD_805_1633,0.43250883392226147,-0.004636365735929237,0.0032365355285347164
274,7,ORD_806_1633,1.0091872791519434,4.503568211737009e-05,3.143832767443441e-05
275,7,ORD_851_1354,1.0091872791519434,4.503568211737009e-05,3.143832767443441e-05
276,7,ORD_8568_0767,3.8925795053003536,0.004726437100163976,0.0032994121838835844
277,7,ORD_8577_0767,0.43250883392226147,-0.004636365735929237,0.0032365355285347164
278,7,ORD_8579_0767,0.6487632508833922,-0.0022956650269059338,0.001602548600430141
279,7,ORD_903_1797,3.8925795053003536,0.004726437100163976,0.0032994121838835844
280,7,ORD_9659_0970,0.6487632508833922,-0.0022956650269059338,0.001602548600430141
281,7,ORD_9836_0445,0.43250883392226147,-0.004636365735929237,0.0032365355285347164
282,7,ORD_9846_0445,0.43250883392226147,-0.004636365735929237,0.0032365355285347164
0,1,OFF_1186_1770,0.8571428571428572,-0.017006802721088426,0.009157509157509153
1,1,OFF_1208_1770,0.3673469387755102,-0.10544217687074829,0.05677655677655677
2,1,OFF_1209_1770,3.4285714285714284,0.11564625850340135,0.06227106227106227
3,1,OFF_1221_1770,1.2857142857142858,0.0272108843537415,0.014652014652014655
4,1,OFF_1222_1770,2.0,0.07142857142857142,0.038461538461538464
5,1,OFF_3390_0533,0.5714285714285714,-0.061224489795918366,0.03296703296703296
6,1,OFF_3472_0533,0.8571428571428572,-0.017006802721088426,0.009157509157509153
7,1,OFF_3819_0382,0.3673469387755102,-0.10544217687074829,0.05677655677655677
8,1,OFF_4781_0826,3.4285714285714284,0.11564625850340135,0.06227106227106227
9,1,OFF_4863_0660,0.5714285714285714,-0.061224489795918366,0.03296703296703296
0,2,OFF_1233_0263,0.767379679144385,-0.005673666362332075,0.0042695195563625665
1,2,OFF_15037_0059,0.767379679144385,-0.005673666362332075,0.0042695195563625665
2,2,OFF_15126_0059,2.959893048128342,0.01593408982218164,0.01199064304526345
3,2,OFF_1672_0377,3.3155080213903743,0.018673451785406244,0.014023837284622361
4,2,OFF_1934_0100,1.315508021390374,0.005130211729924783,0.0038605617444504407
5,2,OFF_1991_0289,0.767379679144385,-0.005673666362332075,0.0042695195563625665
6,2,OFF_2061_0111,2.959893048128342,0.01593408982218164,0.01199064304526345
7,2,OFF_2131_0335,2.959893048128342,0.01593408982218164,0.01199064304526345
8,2,OFF_2268_0106,0.32887700534759357,-0.02728142254684579,0.02052968215798858
9,2,OFF_2492_0165,1.315508021390374,0.005130211729924783,0.0038605617444504407
10,2,OFF_2651_0666,0.767379679144385,-0.005673666362332075,0.0042695195563625665
11,2,OFF_2723_0310,2.959893048128342,0.01593408982218164,0.01199064304526345
12,2,OFF_3221_1698,0.49331550802139035,-0.016477544454588933,0.012399600857175577
13,2,OFF_3310_0533,1.315508021390374,0.005130211729924783,0.0038605617444504407
14,2,OFF_3376_0125,2.959893048128342,0.01593408982218164,0.01199064304526345
15,2,OFF_34_1643,0.32887700534759357,-0.02728142254684579,0.02052968215798858
16,2,OFF_3408_0533,3.3155080213903743,0.018673451785406244,0.014023837284622361
17,2,OFF_3584_0533,0.49331550802139035,-0.016477544454588933,0.012399600857175577
18,2,OFF_3630_0262,0.49331550802139035,-0.016477544454588933,0.012399600857175577
19,2,OFF_3631_0262,0.767379679144385,-0.005673666362332075,0.0042695195563625665
20,2,OFF_3776_0178,0.767379679144385,-0.005673666362332075,0.0042695195563625665
21,2,OFF_3833_0251,0.767379679144385,-0.005673666362332075,0.0042695195563625665
22,2,OFF_42_1643,0.49331550802139035,-0.016477544454588933,0.012399600857175577
23,2,OFF_43_1643,1.315508021390374,0.005130211729924783,0.0038605617444504407
24,2,OFF_4472_0179,0.32887700534759357,-0.02728142254684579,0.02052968215798858
25,2,OFF_4812_0656,2.959893048128342,0.01593408982218164,0.01199064304526345
26,2,OFF_491_1809,2.959893048128342,0.01593408982218164,0.01199064304526345
27,2,OFF_5017_0387,2.959893048128342,0.01593408982218164,0.01199064304526345
28,2,OFF_546_0997,2.959893048128342,0.01593408982218164,0.01199064304526345
29,2,OFF_5814_0606,0.2192513368983957,-0.03808530063910265,0.028659763458801592
30,2,OFF_651_1678,2.959893048128342,0.01593408982218164,0.01199064304526345
31,2,OFF_6822_0033,1.315508021390374,0.005130211729924783,0.0038605617444504407
32,2,OFF_789_0870,0.26310160427807483,-0.029955219338289638,0.022541754592596226
33,2,OFF_836_1138,0.767379679144385,-0.005673666362332075,0.0042695195563625665
34,2,OFF_855_1630,1.315508021390374,0.005130211729924783,0.0038605617444504407
35,2,OFF_909_0327,1.315508021390374,0.005130211729924783,0.0038605617444504407
36,2,OFF_9378_0163,0.767379679144385,-0.005673666362332075,0.0042695195563625665
37,2,OFF_970_1411,0.767379679144385,-0.005673666362332075,0.0042695195563625665
38,2,ORD_10301_0381,0.767379679144385,-0.005673666362332075,0.0042695195563625665
39,2,ORD_12346_0301,1.315508021390374,0.005130211729924783,0.0038605617444504407
40,2,ORD_14786_0254,2.959893048128342,0.01593408982218164,0.01199064304526345
41,2,ORD_14792_0254,1.315508021390374,0.005130211729924783,0.0038605617444504407
42,2,ORD_15566_0382,3.3155080213903743,0.018673451785406244,0.014023837284622361
43,2,ORD_16118_0588,2.959893048128342,0.01593408982218164,0.01199064304526345
44,2,ORD_16191_0275,2.959893048128342,0.01593408982218164,0.01199064304526345
45,2,ORD_16978_0310,2.959893048128342,0.01593408982218164,0.01199064304526345
46,2,ORD_17314_0097,2.959893048128342,0.01593408982218164,0.01199064304526345
47,2,ORD_18140_0165,3.3155080213903743,0.018673451785406244,0.014023837284622361
48,2,ORD_20343_0293,0.14094728800611156,-0.048889178731359506,0.036789844759614596
49,2,ORD_23213_0150,1.315508021390374,0.005130211729924783,0.0038605617444504407
50,2,ORD_24791_0193,1.315508021390374,0.005130211729924783,0.0038605617444504407
51,2,ORD_302_1816,0.767379679144385,-0.005673666362332075,0.0042695195563625665
52,2,ORD_4322_0669,1.315508021390374,0.005130211729924783,0.0038605617444504407
53,2,ORD_53862_0059,0.6577540106951872,-0.008347463153775922,0.006281591990970212
54,2,ORD_983_1515,0.767379679144385,-0.005673666362332075,0.0042695195563625665
0,9,OFF_1481_1800,1.2738095238095237,0.010235870048954161,0.005535277365528862
1,9,OFF_15030_0059,0.36394557823129253,-0.04161103693813974,0.022502105812041227
2,9,OFF_15045_0059,3.3968253968253967,0.04480047470701676,0.02422686615057559
3,9,OFF_15099_0059,3.3968253968253967,0.04480047470701676,0.02422686615057559
4,9,OFF_15121_0059,3.3968253968253967,0.04480047470701676,0.02422686615057559
5,9,OFF_15178_0059,1.2738095238095237,0.010235870048954161,0.005535277365528862
6,9,OFF_15180_0059,0.8492063492063492,-0.00704643228007714,0.0038105170269945032
7,9,OFF_1948_3127,0.36394557823129253,-0.04161103693813974,0.022502105812041227
8,9,OFF_3024_0085,0.8492063492063492,-0.00704643228007714,0.0038105170269945032
9,9,OFF_3246_1698,1.2738095238095237,0.010235870048954161,0.005535277365528862
10,9,OFF_3616_1635,0.5661375661375662,-0.024328734609108442,0.013156311419517869
11,9,OFF_5097_3124,1.2738095238095237,0.010235870048954161,0.005535277365528862
12,9,OFF_5116_3124,3.3968253968253967,0.04480047470701676,0.02422686615057559
13,9,OFF_5124_3124,0.8492063492063492,-0.00704643228007714,0.0038105170269945032
14,9,OFF_6898_0033,0.8492063492063492,-0.00704643228007714,0.0038105170269945032
15,9,OFF_7076_0583,1.9814814814814814,0.02751817237798546,0.014881071758052224
16,9,OFF_817_1801,1.2738095238095237,0.010235870048954161,0.005535277365528862
17,9,ORD_12396_0453,0.8492063492063492,-0.00704643228007714,0.0038105170269945032
18,9,ORD_129041_3111,0.8492063492063492,-0.00704643228007714,0.0038105170269945032
19,9,ORD_130389_3111,1.9814814814814814,0.02751817237798546,0.014881071758052224
20,9,ORD_13801_0072,0.2123015873015873,-0.05889333926717104,0.03184790020456459
21,9,ORD_34310_3127,1.2738095238095237,0.010235870048954161,0.005535277365528862
22,9,ORD_34574_3127,0.8492063492063492,-0.00704643228007714,0.0038105170269945032
23,9,ORD_3821_1635,0.8492063492063492,-0.00704643228007714,0.0038105170269945032
24,9,ORD_3934_1635,0.5661375661375662,-0.024328734609108442,0.013156311419517869
25,9,ORD_4029_1635,0.36394557823129253,-0.04161103693813974,0.022502105812041227
26,9,ORD_877_1797,1.9814814814814814,0.02751817237798546,0.014881071758052224
0,3,OFF_14847_0059,3.8769230769230774,0.02568681318681319,0.0179531490015361
1,3,OFF_14990_0059,1.0051282051282053,0.00013736263736264034,9.600614439324306e-05
2,3,OFF_15064_0059,0.6461538461538462,-0.012637362637362634,0.008832565284178185
3,3,OFF_15220_0059,0.4307692307692308,-0.025412087912087912,0.017761136712749617
4,3,OFF_1602_0072,0.4307692307692308,-0.025412087912087912,0.017761136712749617
5,3,OFF_2429_0253,1.7230769230769232,0.012912087912087915,0.009024577572964671
6,3,OFF_2885_0454,0.4307692307692308,-0.025412087912087912,0.017761136712749617
7,3,OFF_3157_1698,1.0051282051282053,0.00013736263736264034,9.600614439324306e-05
8,3,OFF_3218_0533,0.4307692307692308,-0.025412087912087912,0.017761136712749617
9,3,OFF_3374_0533,1.0051282051282053,0.00013736263736264034,9.600614439324306e-05
10,3,OFF_3388_0533,0.6461538461538462,-0.012637362637362634,0.008832565284178185
11,3,OFF_3552_0736,1.7230769230769232,0.012912087912087915,0.009024577572964671
12,3,OFF_3585_0533,1.7230769230769232,0.012912087912087915,0.009024577572964671
13,3,OFF_3633_0533,1.0051282051282053,0.00013736263736264034,9.600614439324306e-05
14,3,OFF_3857_0382,3.8769230769230774,0.02568681318681319,0.0179531490015361
15,3,OFF_4317_0035,0.4307692307692308,-0.025412087912087912,0.017761136712749617
16,3,OFF_4650_0018,0.6461538461538462,-0.012637362637362634,0.008832565284178185
17,3,OFF_4767_0826,1.7230769230769232,0.012912087912087915,0.009024577572964671
18,3,OFF_5163_0275,1.7230769230769232,0.012912087912087915,0.009024577572964671
19,3,OFF_5217_0344,1.7230769230769232,0.012912087912087915,0.009024577572964671
20,3,OFF_5591_0180,1.0051282051282053,0.00013736263736264034,9.600614439324306e-05
21,3,OFF_5614_1636,3.8769230769230774,0.02568681318681319,0.0179531490015361
22,3,OFF_651_1708,1.7230769230769232,0.012912087912087915,0.009024577572964671
23,3,OFF_652_1708,1.7230769230769232,0.012912087912087915,0.009024577572964671
24,3,OFF_689_1363,3.8769230769230774,0.02568681318681319,0.0179531490015361
25,3,OFF_7150_0583,1.7230769230769232,0.012912087912087915,0.009024577572964671
26,3,OFF_7178_0583,1.0051282051282053,0.00013736263736264034,9.600614439324306e-05
27,3,OFF_8697_1176,0.6461538461538462,-0.012637362637362634,0.008832565284178185
28,3,OFF_8709_1176,1.7230769230769232,0.012912087912087915,0.009024577572964671
29,3,OFF_8786_1176,4.346153846153847,0.02961198093941457,0.02064105909986002
30,3,ORD_13808_0102,1.0051282051282053,0.00013736263736264034,9.600614439324306e-05
31,3,ORD_15646_0073,1.7230769230769232,0.012912087912087915,0.009024577572964671
32,3,ORD_20790_0379,0.6461538461538462,-0.012637362637362634,0.008832565284178185
33,3,ORD_20845_0082,0.6461538461538462,-0.012637362637362634,0.008832565284178185
34,3,ORD_20852_0082,1.7230769230769232,0.012912087912087915,0.009024577572964671
35,3,ORD_3199_0736,0.4307692307692308,-0.025412087912087912,0.017761136712749617
36,3,ORD_44263_0544,0.4307692307692308,-0.025412087912087912,0.017761136712749617
37,3,ORD_53435_0059,1.0051282051282053,0.00013736263736264034,9.600614439324306e-05
38,3,ORD_7762_0583,0.4307692307692308,-0.025412087912087912,0.017761136712749617
39,3,ORD_7774_0583,0.4307692307692308,-0.025412087912087912,0.017761136712749617
0,6,OFF_1759_0198,1.0106951871657754,0.0003961180431768657,0.00027639579878385723
1,6,OFF_2267_0192,1.0106951871657754,0.0003961180431768657,0.00027639579878385723
2,6,OFF_2529_0165,1.732620320855615,0.018089390638410245,0.012622074811129536
3,6,OFF_274_1629,3.8983957219251337,0.035782663233643625,0.024967753823475214
4,6,OFF_2940_0594,1.0106951871657754,0.0003961180431768657,0.00027639579878385723
5,6,OFF_2970_0399,0.6497326203208558,-0.017297154552056507,0.012069283213561821
6,6,OFF_3091_5534,0.43315508021390375,-0.03499042714728989,0.0244149622259075
7,6,OFF_3096_0533,1.732620320855615,0.018089390638410245,0.012622074811129536
8,6,OFF_3440_0533,0.2887700534759358,-0.052683699742523266,0.03676064123825318
9,6,OFF_3605_0533,0.43315508021390375,-0.03499042714728989,0.0244149622259075
10,6,OFF_3668_0303,0.2887700534759358,-0.052683699742523266,0.03676064123825318
11,6,OFF_3712_0294,1.0106951871657754,0.0003961180431768657,0.00027639579878385723
12,6,OFF_3832_0251,3.8983957219251337,0.035782663233643625,0.024967753823475214
13,6,OFF_4726_0067,0.43315508021390375,-0.03499042714728989,0.0244149622259075
14,6,OFF_4763_0656,0.43315508021390375,-0.03499042714728989,0.0244149622259075
15,6,OFF_5810_0606,0.2887700534759358,-0.052683699742523266,0.03676064123825318
16,6,OFF_6818_0033,3.8983957219251337,0.035782663233643625,0.024967753823475214
17,6,OFF_7173_0583,3.8983957219251337,0.035782663233643625,0.024967753823475214
18,6,OFF_787_0870,1.732620320855615,0.018089390638410245,0.012622074811129536
19,6,ORD_10926_0061,1.732620320855615,0.018089390638410245,0.012622074811129536
20,6,ORD_12503_0585,1.0106951871657754,0.0003961180431768657,0.00027639579878385723
21,6,ORD_15577_0382,1.0106951871657754,0.0003961180431768657,0.00027639579878385723
22,6,ORD_15808_0133,1.0106951871657754,0.0003961180431768657,0.00027639579878385723
23,6,ORD_17611_0161,1.732620320855615,0.018089390638410245,0.012622074811129536
24,6,ORD_18473_1389,1.0106951871657754,0.0003961180431768657,0.00027639579878385723
25,6,ORD_18790_0103,1.732620320855615,0.018089390638410245,0.012622074811129536
26,6,ORD_19627_0190,3.8983957219251337,0.035782663233643625,0.024967753823475214
